AGLO_si,Tasa desocupacion
False,0.05187815358192893
True,0.06287293773072039
